Type,Name,Price,ImageUrl
1,日本 明治「GOCHI」軟糖,65,/Pictures/Products/日本 明治「GOCHI」軟糖.png
1,日本BOURBON北日本條狀軟糖,59,/Pictures/Products/日本BOURBON北日本條狀軟糖.png
1,日本Glico格力高 9袋入百利滋野菜棒,129,/Pictures/Products/日本Glico格力高 9袋入百利滋野菜棒.png
1,日本Glico格力高 Pocky百奇 櫻花抹茶棒-9袋入,149,/Pictures/Products/日本Glico格力高 Pocky百奇 櫻花抹茶棒-9袋入.png
1,日本《明治》杏仁巧克力,89,/Pictures/Products/日本《明治》杏仁巧克力.png
1,日本梅津堂特選梅片,79,/Pictures/Products/日本梅津堂特選梅片.png
1,日本神田 綜合點心米果,69,/Pictures/Products/日本神田 綜合點心米果.png
1,東豊洋芋片-奶油鹽風味4枚入包,85,/Pictures/Products/東豊洋芋片-奶油鹽風味4枚入包.png
1,蠟筆小新巧克比盒-巧克力風味,55,/Pictures/Products/蠟筆小新巧克比盒-巧克力風味.png
1,韓國CJ Petitzel 美味蘋果軟糖,49,/Pictures/Products/韓國CJ Petitzel 美味蘋果軟糖.png
1,韓國CW大蒜麵包餅乾,75,/Pictures/Products/韓國CW大蒜麵包餅乾.png
1,韓國ORION好麗友 葡萄軟糖,45,/Pictures/Products/韓國ORION好麗友 葡萄軟糖.png
1,韓國ORION好麗友烏龜玉米脆片餅乾,65,/Pictures/Products/韓國ORION好麗友烏龜玉米脆片餅乾.png
1,韓國Toms大蒜麵包杏仁果,99,/Pictures/Products/韓國Toms大蒜麵包杏仁果.png
1,韓國好麗友 水蜜桃QQ軟糖,45,/Pictures/Products/韓國好麗友 水蜜桃QQ軟糖.png
2,韓國火辣雞肉風味鐵板炒麵,59,/Pictures/Products/韓國火辣雞肉風味鐵板炒麵.png
3,韓國燒酒,119,/Pictures/Products/韓國燒酒.png
2,韓國辛拉麵,45,/Pictures/Products/韓國辛拉麵.png
2,韓國農心浣熊炸醬麵,55,/Pictures/Products/韓國農心浣熊炸醬麵.png
2,韓國金螃蟹海鮮風味拉麵,62,/Pictures/Products/韓國金螃蟹海鮮風味拉麵.png
1,日本卡樂比 Jagabee 薯條-鹽味,89,/Pictures/Products/日本卡樂比 Jagabee 薯條-鹽味.svg
1,日本森永 巧克力球-牛奶,45,/Pictures/Products/日本森永 巧克力球-牛奶.svg
1,日本不二家 Peko 牛奶糖,35,/Pictures/Products/日本不二家 Peko 牛奶糖.svg
1,日本龜田製菓 柿種米果-辣味,120,/Pictures/Products/日本龜田製菓 柿種米果-辣味.svg
1,日本固力高 Pretz 番茄棒,55,/Pictures/Products/日本固力高 Pretz 番茄棒.svg
1,日本明治 蘑菇造型餅乾,75,/Pictures/Products/日本明治 蘑菇造型餅乾.svg
1,日本明治 竹筍造型餅乾,75,/Pictures/Products/日本明治 竹筍造型餅乾.svg
1,日本樂天 小熊餅乾-巧克力,39,/Pictures/Products/日本樂天 小熊餅乾-巧克力.svg
1,日本UHA味覺糖 普通鮮果實軟糖,65,/Pictures/Products/日本UHA味覺糖 普通鮮果實軟糖.svg
1,日本北日本 Alfort 帆船巧克力餅,110,/Pictures/Products/日本北日本 Alfort 帆船巧克力餅.svg
1,日本湖池屋 濃厚洋芋片-海苔鹽,95,/Pictures/Products/日本湖池屋 濃厚洋芋片-海苔鹽.svg
1,日本東京香蕉蛋糕禮盒-8入,580,/Pictures/Products/日本東京香蕉蛋糕禮盒-8入.svg
1,日本白色戀人 巧克力夾心餅-12入,680,/Pictures/Products/日本白色戀人 巧克力夾心餅-12入.svg
1,日本ROYCE 生巧克力禮盒-北海道限定,890,/Pictures/Products/日本ROYCE 生巧克力禮盒-北海道限定.svg
1,日本三立 麵包超人造型餅乾-嬰幼兒可食,99,/Pictures/Products/日本三立 麵包超人造型餅乾-嬰幼兒可食.svg
1,日本江崎固力高 百奇草莓棒-家庭號10袋入,259,/Pictures/Products/日本江崎固力高 百奇草莓棒-家庭號10袋入.svg
1,韓國樂天 巧克力派-12入,199,/Pictures/Products/韓國樂天 巧克力派-12入.svg
1,韓國海太 蜂蜜奶油洋芋片,105,/Pictures/Products/韓國海太 蜂蜜奶油洋芋片.svg
1,韓國好麗友 Choco Pie 12入禮盒,229,/Pictures/Products/韓國好麗友 Choco Pie 12入禮盒.svg
1,韓國農心 蝦味先原味,59,/Pictures/Products/韓國農心 蝦味先原味.svg
1,韓國樂天 夾心軟糖-葡萄,42,/Pictures/Products/韓國樂天 夾心軟糖-葡萄.svg
1,韓國CROWN 大蒜麵包餅乾家庭號,189,/Pictures/Products/韓國CROWN 大蒜麵包餅乾家庭號.svg
1,韓國Market O 布朗尼-4入,149,/Pictures/Products/韓國Market O 布朗尼-4入.svg
1,韓國海太 玉米棒,49,/Pictures/Products/韓國海太 玉米棒.svg
1,韓國三養 起司球,69,/Pictures/Products/韓國三養 起司球.svg
1,日韓人氣零食綜合禮盒-30品項箱購,1580,/Pictures/Products/日韓人氣零食綜合禮盒-30品項箱購.svg
2,韓國三養 火辣雞肉風味炒麵-5入袋裝,249,/Pictures/Products/韓國三養 火辣雞肉風味炒麵-5入袋裝.svg
2,韓國三養 起司火辣雞肉風味炒麵,65,/Pictures/Products/韓國三養 起司火辣雞肉風味炒麵.svg
2,韓國三養 奶油培根火辣雞肉風味炒麵,65,/Pictures/Products/韓國三養 奶油培根火辣雞肉風味炒麵.svg
2,韓國農心 辛拉麵-5入袋裝,219,/Pictures/Products/韓國農心 辛拉麵-5入袋裝.svg
2,韓國農心 安城湯麵,52,/Pictures/Products/韓國農心 安城湯麵.svg
2,韓國農心 泡菜拉麵,55,/Pictures/Products/韓國農心 泡菜拉麵.svg
2,韓國八道 起司拉麵,58,/Pictures/Products/韓國八道 起司拉麵.svg
2,韓國八道 王撈麵,62,/Pictures/Products/韓國八道 王撈麵.svg
2,韓國不倒翁 真拉麵-辣味,48,/Pictures/Products/韓國不倒翁 真拉麵-辣味.svg
2,韓國不倒翁 芝麻拉麵,52,/Pictures/Products/韓國不倒翁 芝麻拉麵.svg
2,日本日清 合味道杯麵-海鮮風味,68,/Pictures/Products/日本日清 合味道杯麵-海鮮風味.svg
2,日本日清 出前一丁-麻油風味5入,185,/Pictures/Products/日本日清 出前一丁-麻油風味5入.svg
2,日本日清 UFO炒麵,72,/Pictures/Products/日本日清 UFO炒麵.svg
2,日本東洋水產 赤丸新味拉麵,78,/Pictures/Products/日本東洋水產 赤丸新味拉麵.svg
2,日本明星 一平夜店炒麵-大盛,85,/Pictures/Products/日本明星 一平夜店炒麵-大盛.svg
2,韓國泡麵人氣組合-12入箱購,1280,/Pictures/Products/韓國泡麵人氣組合-12入箱購.svg
3,韓國真露 燒酒-葡萄柚,139,/Pictures/Products/韓國真露 燒酒-葡萄柚.svg
3,韓國真露 燒酒-青葡萄,139,/Pictures/Products/韓國真露 燒酒-青葡萄.svg
3,韓國樂天 蜂蜜柚子茶罐裝,89,/Pictures/Products/韓國樂天 蜂蜜柚子茶罐裝.svg
3,韓國熊津 蘆薈汁,75,/Pictures/Products/韓國熊津 蘆薈汁.svg
3,韓國Paldo 香蕉牛奶,45,/Pictures/Products/韓國Paldo 香蕉牛奶.svg
3,日本可爾必思 原味乳酸飲,99,/Pictures/Products/日本可爾必思 原味乳酸飲.svg
3,日本伊藤園 濃味綠茶,65,/Pictures/Products/日本伊藤園 濃味綠茶.svg
3,日本三得利 烏龍茶,62,/Pictures/Products/日本三得利 烏龍茶.svg
3,日本朝日 三矢蘇打-原味,58,/Pictures/Products/日本朝日 三矢蘇打-原味.svg
3,日本UCC 職人咖啡-微糖,55,/Pictures/Products/日本UCC 職人咖啡-微糖.svg
3,日本可果美 番茄汁,68,/Pictures/Products/日本可果美 番茄汁.svg
3,韓國燒酒禮盒-6瓶入,790,/Pictures/Products/韓國燒酒禮盒-6瓶入.svg
